url,pr,tic,title,trafic
http://hudhmp.com/,2,0,hudhmp,6
http://tortolin.ru/,1,0,"Торты ручной работы на заказ",154
http://daritel.livejournal.com/,2,0,daritel.livejournal.com,789
http://yarlitera.ru/,-1,0,"Типография Буква - оперативная и качественная полиграфия в Ярославской области",11
http://cheapestflights.ru/,0,0,"CheapestFlights.ru - самые дешёвые авиабилеты",20
http://comstroygroup.ru/,0,0,"Компания КОМСТРОЙ",34
http://grilled.ru/,0,0,"На пикник",12
http://www.rumuslims.net/,2,0,"Первая Исламская Социальная Сеть",73
http://www.dotalife.ru/,2,0,"Все про игру DotA Allstars - карты, реплеи, статьи",652
http://kgf-audit.ru/,0,0,"Компания Финанс",17
http://www.chashkorez.ru/,1,0,"Чашкорезные станки WoodVER",9
http://www.mosokna-911.ru/,0,10,"Московские окна",56
http://www.russartel.ru/,0,160,"""Русская артель"" - мебель из натуральной древесины по уникальному дизайну",1484
http://nasha-tk.ru/,0,0,"Наша транспортная компания (ООО ""ТрансКоМ-Юг"")",5
http://kraslesa.narod.ru/,0,0,"Продажа пиломатериала и круглого леса в новосибирске",97
http://advpay.ru/,0,0,"ADVPAY.RU - Платежные терминалы и комплектующие",41
http://orenburg-trolleybus.narod.ru/,2,0,"Оренбургский троллейбус",146
http://helpcomputerblog.ru/,-1,0,helpcomputerblog,398
http://nv-news.com/,5,130,"Независимые новости",88547
http://onlinehtml.narod.ru/,3,0,"Online-учебник по языку HTML - OnlineHTML",68
http://lifeprints12.ru/,1,0,LifePrint,109
http://body-clinic.ru/,0,30,"БОДИ - центр эстетической медицины",896
http://brudno.com.ua/,-1,0,Брудно!,332
http://www.ventraplast.ru/,-1,0,ВентраПласт,8
http://listsalon.ru/,0,0,"Лучшие автосалоны москвы",8
http://www.c2f.ru/,-1,1800,"Бизнес-сообщество журнала ""Консультант""",3
http://www.fullhd.tv.tr/,-1,0,fullhd,52
http://novosti-dny.com/,0,30,http://novosti-dny.com/,25431
http://xp-windows7.ru/,1,0,"windows скачать",20435
http://baca.ru/,0,0,baca,17
http://www.zierer.ru/,0,10,"Кровельные и фасадные облицовочные панели Zierer",124
http://deti-moi.ru/,1,0,"Проект ""МОИ ДЕТИ""",354
http://lipstanok.ru/,2,0,"Станки производства Липецкого станкостроительного предприятия",3661
http://праздникдлявас.рф/,0,0,"Праздник для Вас",28
http://australiaopals.ru/,0,0,"Черные Австралийские Опалы",85
http://www.magia-svechei.info/,-1,0,"Магия свечей",7
http://inetpolice.ru/,2,0,"Internet Police - Агентство Интернет Полиция",2592
http://лайлик-меджик.необрокер.рф/,-1,0,"Лайлик-Меджик, торговая компания",5
http://furgonex.ru/,0,0,furgonex.ru,70
http://modnitsa-kids.ru/,1,0,"ООО ""Модница"" - товары для новорожденных, одежда для детей, одежда для кукол",149
http://masterklimat53.ru/,0,0,РусскийСтройМастерКлимат,42
http://blog.m-prazdnik.net/,0,0,"Блог сайта ""Планета праздничного настроения""",11
http://psycenter.by/,3,30,"Психологический центр ""Центр успешных отношений""",7072
http://www.avgur.org.ua/,0,0,"ЧП ""АВГУР"" г. Донецк ремонт компьютерной техники",56
http://tabakpodarki.ru/,1,30,ТабакПодарки,12616
http://playstoremarket.ru/,-1,0,"Play Store Market - маркет бесплатных Android приложений",3340
http://kinderknigi.com/,0,0,"Детские книги",250
http://www.ukrat.ru/,3,0,"Взыскание по ОСАГО, КАСКО - ЮРИСТОКРАТ",18079
http://goodradio.ucoz.ru/,1,0,"Радио онлайн",3
http://www.gideon.com.ua/,0,0,Гидеон,319
http://larinko.ru/,0,0,Freedom,69
http://brh.ru/,2,325,"Отель Брайтон",8
http://jafo.ru/,1,0,"Поисковик Торрентов",32
http://englishverbs.ru/,0,0,"Английские глаголы в картинках",52
http://centrdawl.ucoz.ru/,-1,0,"Акулы рынка - совершенство управления ресурсами.",95
http://expert-73.ru/,0,0,Стройэксперт,11
http://stomatolog-smolensk.ru/,1,0,"ООО Стоматолог",21
http://al-kosinus.livejournal.com/,1,0,"ЖЖ белорусского студента",6
http://money-games.biz/,1,0,http://money-games.biz/,24
http://www.sion.uz/,2,20,Sion.uz,2719
http://parfumgold.com.ua/,1,0,"ParfumGold Интернет-магазин настоящей парфюмерии, декоративной косметики, духов",4
http://luxmobila.com/,-1,0,"Мобильники по низким ценам. Продажа, покупка.",3
http://www.vipseo.ru/,4,800,"Комплексное продвижение сайтов",1180
http://hak-world.ucoz.ru/,-1,0,Hak-World,315
http://topjerseybola.com/,-1,0,"Jual Jersey Bola",3
http://androidrusnew.gwchost.com/,-1,0,"Скачать игры для андроида",300
http://www.estadoor.ru/,3,1000,"Установка и продажа стальных дверей, входные двери на заказ, металлические двери",4656
http://sammybraddynude.erotomania.org/,-1,0,http://sammybraddynude.erotomania.org,32
http://www.viprazvod.ru/,1,0,"Юридическая помощь по семейным делам",2864
http://bulochki.net/,0,10,"Рецепты булочек",1227
http://www.promarketspb.ru/,0,10,"Производство одеял и подушек, текстиль для дома",144
http://batym.ru/,2,0,Кинобатум,19
http://www.emancipator.ru/,0,0,Освободитель,3
http://lab127.ru/,3,0,"Lab127 R&D wired and wireless projects. Проекты Lab127. Беспроводные сети.",129
http://track-search.ru/,-1,0,"Отслеживание почтовых отправлений",106
http://jxd-ua.com.ua/,-1,0,JXD,1007
http://www.scar.zdorov.biz/,-1,0,"Лечение шрамов полсе аппендицита.",10
http://msteh.ru/,1,0,"Фирма МСТ - Малая строительная техника",1688
http://bertenev.umi.ru/,-1,0,"Специалист Бертенев А.С.",30
http://ache.qqcc.org/,-1,0,ache.qqcc.org,1
http://lshop.com.ua/,0,0,"Магазин Ламбре в Украине",22
http://www.thehotrods.net/,1,10,"The Hot Rods",1849
http://odva.kz/,0,0,"Кислородный баллончик Kislorod Prana в Казахстане",3
http://wildmobi.ucoz.ru/,-1,0,"Wildmobi мобильный журнальчег",1
http://dodge.autosvit.com.ua/,0,0,"Продажа Dodge Украина, клуб автолюбителей Dodge",98
http://agrofirmapro.ru/,1,0,"Агрофирма Промышленная",218
http://anyoption-otzivy.ru/,0,0,"AnyOption отзывы",96
http://synced.ucoz.com/,0,0,"Сайт клана LIGA.PLAN",11
http://stroyka-kazan.ru/,1,0,"Интернет магазин стройматериалов в Казани",2941
http://dog-tour.com/,0,0,"Дог Тур, путешествия с собаками, поездки на выставки",47
http://nasha-starina.ru/,0,0,"Блог Наша старнина - вырезки из старинных журналов",587
http://onub.org/,4,0,ONUB,3
http://klimat-luks.ru/,1,0,"Климат-Люкс, ООО, торгово-монтажная фирма",25
http://aforizmy-aforizmy.ru/,1,0,Афоризмы-Афоризмы.Ру,12
http://ukladka-shop.ru/,0,0,"Продажа облицовочной плитки в магазине Укладка",104
http://pilipok.ru/,1,0,"Пилипенко Виталий Павлович pilipok.ru",165
http://auditmedia.ru/,2,20,АудитМедиа,2924
http://star-tm.ru/,0,20,"Компьютеры : полезные советы и рекомендации",13
http://easy-avto.ru/,0,0,"Авто отзывы, цены, тест драйв",9
http://www.glassbox.ru/,0,0,"Стекло листовое полированное продажа оптом от ящика.",802
http://www.vaarp.ru/,0,70,"Продажа полимеров и изделий из полимеров.",313
http://ntc-ra-veselovskogo.neobroker.ru/,-1,0,"НТЦ Р.А. Веселовского",20
http://www.avtovolokno.ru/,0,0,"Автоволокно.ру — проводник в мир автоновостей, тест-драйвов, автопрома, автообзо",33
http://soccerface.ru/,0,0,"Soccerface. Сообщество любителей футбола.",60
http://ford.autodealerr.ru/,-1,0,"Автомобили Ford",32
http://autoretro.su/,1,10,"Уральский картофель",4433
http://sync.podzone.net/,-1,0,synczone.ru,942
http://www.nikelarin.ru/,3,0,"NikELarin.ru - Art-галерея современного худжника Ларин Николай Евгеньевич.",11
http://www.raskrutimsait.net/,4,0,"Продвижение сайта, раскрутка сайта, продвижение сайта киев тел. 8 (095) 163-56-4",1505
http://weichai.com.ua/,0,0,"Представитель компании Weichai Power в Украине",247
http://garra.w6.ru/,-1,10,"Rif - smart",21
http://www.amala.do.am/,-1,0,"И здесь и сейчас",611
http://my-windows7.at.ua/,-1,0,"Все для Windows7. Новини про Windows 7 та інші версії OC",9
http://sun-expo.com/,0,0,"Сан-Экспо Организация выставочных проектов",384
http://www.pcchip.ru/,0,0,pcchip.ru,9
http://anekov.net/,0,0,"Anekov.Net - все анекдоты России",255
http://doktorborovikov.ru/,0,0,"Боровиков Ю. Е. врач -андролог, дерматовенеролог",383
http://flos.ucoz.ua/,2,0,"Кімнатні рослини",175
http://avantstyle.com.ua/,2,0,"линолеум, ковролин, ковровые покрытия, напольные покрытия - Авант Стиль",2118
http://party-real.ru/,1,0,PARTY-REAL,15
http://ekovdm.com.ua/,0,0,"ООО ""ЭКОВДМ""",113
http://somovo48.ru/,0,0,"Сомово мебель",576
http://brand4kids.com.ua/,2,0,"Детская одежда от ведущих брендов. Интернет магазин детской одежды brand4kids",4
http://centr-golodaniya.kz/,0,0,"Лечебное голодание",172
http://coilovers-store.ru/,-1,0,"Интернет магазин винтовой подвески в России",168
http://cbitep.info/,-1,0,http://cbitep.info/,10
http://propravovedenie.ru/,0,0,правоведение,4
http://www.pz-city.ru/,4,60,"Администрация города Полярные Зори",3670
http://arevik-tur.ru/,1,10,"Компания ""Старвэй"" работа и образование за рубежом",483
http://www.izruk-v-ruki.com/,-1,0,"Из рук в руки - сайт бесплатных объявлений - Москва, Петребург и др. города.",3
http://mwm-club.ru/,1,0,"Твоя фильмотека.",10
http://motustrans.ru/,2,180,"Транспортная компания ""Мотустранс""",8
http://tacticsquad.ru/,1,0,"Tactic Squad Тактические Игры",3764
http://www.hdfulldiziizlesek.com/,-1,0,"hd dizi izle",20
http://www.arhang.ru/,-1,70,"Арханг - производитель кожгалантереи (интернет-магазин)",15
http://music-video.com.ua/,0,0,"Скачать видеоклипы бесплатно",173
http://4sezona.nethouse.ua/,0,0,4СеZона,2369
http://massazhhow.ucoz.net/,-1,0,"Современные рекомендации как похудеть правильно от ведущих диетологов - все о ма",13
http://wonderkeys.ru/,2,0,"Полезные советы по работе на компьютере и в сети Интернет",129
http://s-gauss.blogspot.com/,0,0,"Гаусс с 'убегающей катушкой'",44
http://zao-agroinvest.ru/,2,80,"Агрохолдинг ""Агро Инвест""",1872
http://ultrain.ru/,0,0,"Ультра Инжиниринг",37
http://www.ukoha.ru/,2,120,Иконопись,10
http://moskva-fotograf.ru/,0,0,"Сайт профессионального фотографа Сергея Губачева.",545
http://school-katrin.ru/,0,0,"Учебные курсы обучения парикмахеров в НОЧУ ДОВ ШПИ Катрин, г. Москва и МО",466
http://www.trima.ru/,1,40,"ООО ТРИМА",2518
http://www.master-classes.ru/,2,0,"Мастер классы в Москве. Курсы флористики, упаковки и оформлении подарков.",1174
http://www.elektrotehnika.by/,0,0,"Интернет-магазин онлайн покупок с доставкой в Минску ElektroTehnika.by",46
http://kursovik101.ru/,-1,0,"Контрольные, курсовые, расчетные работы по техническим дисциплинам.",3
http://mobizavr.ru/,0,0,"Интернет-магазин мобильных телефонов и аксессуаров",47
http://farm55.ru/,0,0,"Омское овощное хозяйство",26
http://cheboksary-vse.ru/,1,20,"Сайт справочник г.Чебоксары",14275
http://pl.portalinform.com/,3,0,"Работа в Польше PL.PORTALINFORM.COM",932
http://www.sibering.ru/,0,10,"Прохождение Сибири - путеводитель для туристов, путешественников и энтузиастов",349
http://nafanya.xkirov.ru/,2,0,"Интернет магазин игрушек",341
http://www.it-industry.spb.ru/,1,0,"Проектирование, монтаж и техническая поддержка вычислительных сетей.",120
http://april-center.ru/,-1,0,"Пространство для личностного роста - Апрель",17
http://www.tvmaster.ru/,1,0,"Ремонт телевизоров и видеокамер - tvmaster.ru",196
http://gold-xit.do.am/,-1,0,"Скачать готовые сервера cs 1.6,игры,фильмы,музыку,сериалы",124
http://ремонтростов.рф/,-1,0,"Штукатурка механизированного нанесения в Ростове-на-Дону",87
http://obokse.blogspot.com/,0,0,"О БОКСЕ",85
http://new-tablet.ru/,-1,20,"Всё о планшетных компьютерах - статьи, обзоры и инструкций.",159
http://minitechloaders.ru/,0,0,"Запчасти для строительной техники",83
http://www.divodvd.ru/,0,20,"DVD фильмы почтой от 19 рублей. MPEG4 фильмы для КПК",5443
http://sibgames.net/,3,10,SibGames,8883
http://remteh-ekb.ru/,0,0,"Рембыттехника, Екатеринбург, Вторчермет",48
http://www.stylish-women.ru/,1,0,"On-line журнал для прекрасных дам",2328
http://viktorline.ru/,1,0,"О натяжных потолках, покупке и монтаже.",126
http://klava.ucoz.com/,-1,0,"Обои на рабочий стол",27
http://www.termo-shik.ru/,0,0,"Изготовление термотрансферов",13
http://prokavu.info/,0,0,"Бесіди про каву",2431
http://www.house-office.ru/,0,20,"HOUSE-OFFICE - Дизайн интерьера квартиры и офисов, строительство и материалы",49
http://larguslada.jimdo.com/,-1,0,"Лада Ларгус",5629
http://auto-cosmetica.narod.ru/,0,0,Авто-косметика,31
http://www.bjkgazetesi.com/,4,0,"Beşiktaş Gazetesi",1908
http://www.4gamers.pro/,1,0,"4Gamers Community",12
http://spbdetki.ru/,0,0,"Интернет-Магазин SpbDetki.ru",22
http://krasizol.narod.ru/,0,0,КрасИзолит,483
http://www.klevin-knife.ru/,1,20,"Интернет магазин ножей и точильных принадлежностей Klevin-knife.ru",3865
http://yuriston.ru/,1,0,"Юридические услуги юридическое бухгалтерское сопровождение",114
http://utk-resurs.ru/,0,0,"УТК Ресурс",11
http://vetervid.ucoz.ru/,-1,0,"Слушать аудиокниги онлайн.",2064
http://kovrolin-nedorogo.narod.ru/,0,0,"Ковролин Ковровые покрытия",11
http://bestfishing.kiev.ua/,0,0,"Bestfishing - лучшая рыбалка в Украине",907
http://dlebox.com/,0,0,dlebox.com,86
http://eko-interior.ru/,1,0,"Студия  «ЭкоИнтериор",72
http://kotlyarov.info/,0,0,"КОТЛЯРОВ НИКОЛАЙ СЕМЕНОВИЧ - ПРЕДСЕДАТЕЛЬ ГОРОДСКОЙ ДУМЫ КРАСНОДАРА",7
http://selomihalkovo.ru/,-1,0,"Деревня Михальково",6
http://extratime.echo.az/,-1,250,"Extratime - Новости азербайджанского спорта",7264
http://templates4u.ru/,0,0,"Бесплатные шаблоны для joomla, wordpress, скачать   шаблоны сайтов бесплатно",131
http://quercus.com.ua/,2,10,"Лаборатория мониторинга сырьевых ресурсов для виноделия",523
http://www.gidrodinamika-russia.ru/,0,0,"ЗАО «Гидродинамика»: насосы ГДМ, ГДМП, ГДМД, герметичные насосные агрегаты",102
http://vot-tam.ru/,-1,0,"Вот там. В смысле - вот тут",18
http://bankcalc.ru/,2,30,"Кредитный калькулятор",4531
http://mir-gdz5.ru/,-1,0,"Мир ГДЗ - Твой помощник в учебе",15560
http://bobtail-dozor.ru/,1,10,"Питомник Снежный Дозор",217
http://dobrokot.com/,2,0,"ТМ Добрый Кот",1131
http://greensward.ru/,0,0,"Все для сада - территория мечты",36
http://www.xablogi.ru/,-1,10,"Хаблоги - первая блогосоциальная сеть Хабаровска",4
http://kepochevidnost.ru/,-1,0,"Капитан Очевидность | Блог Кэпа",10
http://www.falloutboyrock.org/,0,0,"FALL out BOY  |Главный фан сайт|",9
http://leadstin.ru/,-1,0,"Ателье-магазин. Дизайнерская одежда ручной работы",121
http://prom-stroy-service.ru/,0,0,ПРОМСТРОЙСЕРВИС,139
http://nadsoznaniem.ru/,2,20,"саморазвитие, психология, здоровье, бизнес, религия",6808
http://massazh-v-lyuberczax.ru/,0,0,"Массаж в Люберцах",394
http://safecap.ru/,1,0,"SAFE CAP",1112
http://www.belovedhouse.ru/,1,0,"belovedhouse.ru ""Твой любимый дом""",17
http://nashgorod.pnz.ru/,3,0,"Мой РуТьюб на ПНЗ",5
http://sk1.com.ua/,-1,10,"ООО Сантехмонтаж",39
http://mashbi.blogspot.com/,0,0,Машинка,10
http://uralkompozit.ru/,-1,0,УралКомпозит,49
http://www.ascania-racing.com/,1,20,"Ascania Racing",670
http://avtoacces.com/,0,0,"Обзоры и тесты автоаксессуаров",2333
http://fond-nn.ru/,1,0,"Фонд ""Поволжье""",17
http://deti76.ru/,0,0,"Детский Интернет-магазин deti76.ru",84
http://www.sea.ru/,4,275,"Геленджик. Все о Геленджике и окрестностях",17685
http://stroigrant.ru/,2,0,"Строительный блог",1494
http://help-list.net/,-1,0,Help-List,9
http://www.novstroyteh.ru/,-1,0,"НСТ - Новые Строительные Технологии",8
http://keeper-club.ru/,1,20,"Сообщество футбольных вратарей",1991
http://evolucia2.ru/,0,0,"Эволюция Человека",225
http://blu-love.ru/,0,0,"Гей-знакомства на ""Blu-Love.ru""",1580
http://otdelkai-remont.ru/,0,0,"Отделка и ремонт",30
http://setandwork.org.ua/,-1,0,"SetAndWork! - Установи и Работай!",8
http://stonemassage.ru/,0,0,"Стоун массаж, массаж камнями",83
http://wm-rublik.ucoz.net/,1,0,WM-Rublik,1
http://webnds.ru/,1,0,"Webnds.ru - НДС калькулятор онлайн",36
http://www.infoteka.info/,2,30,"ИнфоТЕКА - Всеукраинский информационный портал",239
http://facemaski.ru/,-1,0,"Домашняя косметика",9
http://tamaraabdulaeva.3dn.ru/,-1,0,Дизайн,139
http://kiber-city.ru/,1,0,"Фильмы онлайн. Самое свежее кино у нас и всегда онлайн",12
http://www.iphonus.ru/,0,0,"iPhonus for iPhone",161
http://zhenskajslabost.ru/,0,0,"ЖЕНСКИЕ СЛАБОСТИ - женский блог",62624
http://gayvena.ru/,2,0,"Гей гид по Вене и Австрии",227
http://ya-black-sea.narod.ru/,0,0,http://ya-black-sea.narod.ru/,14
http://www.mamamaria.com.ua/,1,0,Пицца,25
http://volodyaev.com/,0,0,Перископ,145
http://www.pda-book.ru/,0,0,"Карманные персональные компьютеры",14
http://badenbaden.com.ua/,3,90,"Отель Баден Баден",2447
http://www.ulrent.ru/,1,0,"Городское бюро найма жилья г.Ульяновска",228
http://eng.imaginariumdoll.com/,-1,0,"Ragdoll Cattery ImaginariumDoll",10
http://danzarin.kiev.ua/,1,0,"Школа парных танцев, Киев",190
http://foreign-women.net/,1,0,"Foreign women",131
http://voronaky-school.ucoz.ua/,1,0,"Сайт Вороняцької ЗОШ І-ІІ ступенів",141
http://urbanculture.in/,1,0,Urbanculture,13627
http://zvy.ru/,0,10,"Оборудование Systemair",193
http://secret-seo.ru/,2,0,"Первый профессиональный журнал об Интернет-маркетинге. Secret-SEO.ru",12185
http://unfx.ru/,0,0,"форекс сайт",122
http://ru.svik.cv.ua/,-1,0,"Кондиционеры в Черновцах",6
http://www.pancakemaker.narod.ru/,-1,0,"Блинчики - машина для приготовления",54
http://cs-22.ucoz.ru/,1,0,"Все для вас",1240
http://www.100liki.ru/,0,0,"Мебель из стекла",12
http://www.sudak-meganom.com/,0,10,"Частный пансионат Лукоморье - отдых в Судаке Меганом",122
http://readstatus.ru/,-1,0,Статусы,2
http://nbd.4admins.ru/,-1,0,"некогда не сдавайся",2
http://sevzapad-mash.neobroker.ru/,-1,0,"Северо-Западное машиностроительное предприятие.",17
http://vitvirtual.com/,0,0,VitVirtual,630
http://russkomzbce.3dn.ru/,-1,0,"Манул - инструкция к шагомеру на Русском.",9
http://tl38.ru/,0,0,Технолайн,42
http://autolegra.ru/,0,0,"казино онлайн",3
http://super7ya.com/,-1,0,"super7ya.com - информационно-развлекательный портал",311
http://alekon.km.ua/,2,100,"Алекон, г. Хмельницкий - туристические услуги",431
http://ittrojans.ru/,-1,0,"Московский компьютерный сервис по ремонту компьютеров, ноутбуков, навигаторов пл",1540
http://www.mayak-primorye.ru/,-1,0,"База отдыха Маяк в Приморье",46
http://nikakennel.com/,1,0,"Харьковский Кинологический Клуб ""Ника""",353
http://moimassage.ru/,0,0,Массаж,57
http://idonetsk.com.ua/,0,0,"iDonetsk-информационный интерет-проект",81
http://gorkomm.ru/,0,0,"ЗАО ГорКоммуникации",6
http://zarplata71.ru/,2,0,"Работа в Тульской области",3
http://studio-kukla.ru/,2,0,"Студия Кукла, салон красоты",11
http://vd5.org/,2,0,"Бесплатно Дневники вампира 5 сезон смотреть",1252
http://massageroom.ucoz.com/,-1,0,"Кабинет массажа",30
http://www.fdpo.sibsiu.ru/,3,20,"Факультет дополнительного профессионального образования СибГИУ",1596
http://make-amxland.pp.ua/,-1,0,"Все для CS",13
http://www.strikeday.ru/,2,120,"День Страйка",12
http://nogotki74.ru/,0,0,"Маникюр недорого Маникюр на дому в г. Челябинск",17
http://www.diaeks.ru/,0,0,"Диагностика и экспертиза, ООО""ДиЭкс""",42
http://promsnab-tomsk.ru/,2,10,"Купить электроинструмент, сварочное оборудование, бензотехнику, пневмоинструмент",935
http://malahovka.ru/,0,0,"Сайт поселка Малаховка",1892
http://pereezdbest.ru/,0,10,"Компания Логистик СПБ",324
http://staivolkov.rolka.su/,-1,0,".:†:. Стаи Волков.:†:.",12
http://центр-земельных-экспертиз.рф/,1,20,"Центр земельных экспертиз",96
http://win-doors.ru/,2,1800,"WINDOORS - деревянные окна - производство, продажа, установка",2393
http://regionelektro.ru/,0,0,"Регион Электро Ульяновск",206
http://nobzor.ru/,0,0,"Обзоры недвижимости",622
http://www.vvprom.ru/,0,20,"Взрывные работы ОАО ""Волговзрывпром""",5
http://www.udarplast.ru/,0,0,"производственное предприятие ""Удар-Пласт""",74
http://vizittravel.ru/,1,0,"Турфирма ВИЗИТ. Туризм и путешествия, Финляндия, Европа..",95
http://ww-spb.ru/,1,10,"Интернет-магазин предметов интерьера и удивительных вещей ”World Of Wonder”",2700
http://stroyvid.spb.ru/,0,10,"ООО СтройВИД",71
http://klubkoff.net/,0,0,"Лучший сайт по домоводству",856
http://ridgidtool.ru/,1,30,"Ручной инструмент от компании ridgid",623
http://virusovtochkanet.com/,-1,0,"Развлечения и удовольствие!",11
http://am-vip.ru/,1,0,"Скачивайте бесплатно и без регистрации",2
http://www.servicebosch.ru/,0,0,"Сервисный центр у метро Братиславская принимает в ремонт технику bosch",112
http://smilepics.ru/,2,0,"СмайлПикс.Ру - картинки поднимающие настроение",78
http://gold-fich.org.ru/,0,0,"Сайт аквариумистов ""Золотая рыбка""",6
http://www.drive-by-drive.ru/,0,0,www.drive-by-drive.ru,23
http://pamjathik.io.ua/,1,0,"Гранитные памятники для детей, ритуальные памятники , надгробия, вазы,цветники ,",409
http://transport22.ru/,-1,0,"Аренда спецтехники в Барнауле",91
http://www.elektro-stroi.ru/,0,0,Электрострой,10
http://diaform.ru/,0,0,"Предприятие Диаформ",194
http://ekaterinburg.outpac.ru/,-1,140,"Outpac Екатеринбург",19
http://demolitionroom.ru/,-1,0,demolitionroom.ru,5
http://trostian.at.ua/,4,0,"Тростян,Відпочинок в Карпатах",904
http://mt-2.ru/,1,0,"Грузовые перевозки автомобильным транспортом г. Москва ООО Монтавр-2",20
http://russian-prose-90.myriads.ru/,0,0,"Мириады современной русской прозы",66
http://www.lavki.net/,-1,0,">>БАНКЕТКИ, СКАМЕЙКИ, СТУЛЬЯ, ТАБУРЕТЫ | ПСК ""Аргумет""",79
http://nps-tools.ru/,0,0,"Инструмент для бурения, а также капитального и текущего ремонта нефтяных, газов",215
http://www.sekvestr.ru/,0,0,"ООО «Юридическая фирма Секвестр»",1267
http://wot-clear.ucoz.ru/,-1,0,"Читы и Моды для World of Tanks 0.9.2 - WOT-CLEAR.RU",64
http://olenz.ru/,0,0,Лизы,1576
http://ug-ppu.ru/,0,0,Кайрос,120
http://remont-elektrika.ru/,1,0,"Электромонтажные работы",8
http://en.communicology.us/,-1,0,"Communicology International scientific journal",49
http://pilomat-m.ru/,0,0,"ИП Амбрацумян А.Ф.",450
http://pansionic.ru/,1,0,"Санаторий КУБАНЬ в Анапе",12
http://nsrpress.ru/,2,90,"Национальная сеть распространения прессы ""Союзпечать""",2406
http://sanleo.ru/,0,0,"Салон красоты на Студенческой",550
http://ts4game.ru/,0,0,"Аренда голосовых серверов TeamSpeak 3/ Хостинг TeamSpeak 3.",940
http://posad-stroy.blizko.ru/,-1,0,"Строительство, ремонт, отделка ""под ключ""",31
http://this-android.ru/,-1,0,"Всё для Android",7
http://glavtravel.ru/,1,10,"Главотдых - турагентство в Челябинске",117
http://totenshe-atyrau.kz/,1,0,"Totenshe-Atyrau.KZ - информационно-новостное агентство",29
http://antei.neobroker.ru/,-1,0,"Антей, ООО",4
http://www.kapitoshka-club.ru/,0,10,Капитошка,329
http://andrey.cn/,0,0,"Интересное из сети",103
http://zinis.ru/,2,0,zinis.ru,1186
http://setel-tpk.ru/,0,0,"ООО ""Сетунь-Электро"" - Низковольтная аппаратура, Кабель и провод",5
http://www.tvmag.ru/,2,180,"TVmag.ru - интернет-магазин Hi-Fi и Hi End техники",2172
http://hotel-vstrecha.com/,1,30,"Отдых в Крыму, г.Судак – частная гостиница «Встреча»",36
http://kakoesegodniachislo.ru/,1,10,"Какое сегодня число?",7002
http://чистка-ковров-с-вывозом.рф/,0,0,"Чистка ковров с вывозом",24
http://nsk-santeh.ru/,-1,20,nsk-santeh.ru,1299
http://vitron.ru/,0,0,Vitron,55
http://www.wmruletka.com/,1,10,"Онлайн казино на webmoney",12990
http://evgeniygrinev.com/,0,0,"Блог Евгения Гринёва",478
http://artmetall-zavod.ru/,3,0,Артметалл,589
http://www.my-skype-lesson.ru/,1,0,"Урокого английского по скайпу",22351
http://ceosearch.ru/,0,0,"SEO конкурс в Артокс. Блог Рэджа",8
http://www.oknov.by/,0,10,"Окна ПВХ в Минске",102
http://mebel-pavlov.com/,0,0,"Дом мебели Павлова – мебель на заказ, спальни, матрацы, гостиные, стулья, столы,",1506
http://dadut.info/,0,0,dadut.info,4
http://kasa-mare.ru/,-1,0,"Пластиковые окна, двери в Одессе",11
http://sportdieta.ru/,0,0,"Спортивная диета",45
http://www.photoimpulse.ru/,0,0,"www.photoimpulse.ru : : фотомастерская",3
http://www.nicespo.ru/,0,0,"Модная спортивная обувь нового сезона, кроссовки air max, детская спортивная обу",23
http://www.vipstrahovanie.ru/,1,0,"Страховая компания ""V.I.P Insurance"" - все виды страхования. Скидки",3
http://diesel-part16.ru/,-1,0,diesel-part16.ru,39
http://www.lux-door.ru/,0,20,LuxDoor,13
http://nkdomomaster.ru/,0,0,"Домашний мастер",358
http://www.atb.kz/,2,10,"ТОО ""Азия Тураби""",349
http://s-tv.pp.ua/,-1,0,"Український сайт цікавинок та гумору",332
http://grandcarat.ru/,0,10,"Интернет магазин свадебной и вечерней бижутерии и аксессуаров ""Гранд Карат""",400
http://техосмотр-тверь.рф/,1,30,"Приглашаем жителей Твери пройти Техосмотр на станциях Центр-Сервис Солекс",83
http://mobi4mp.ru/,0,0,"ФИЛЬМЫ МР4/3GP-СКАЧАТЬ БЕСПЛАТНО",15
http://ktoestkto.ru/,2,60,"ktoestkto.ru - биографический ресурс, биографии, интервью, анкеты, СМИ",7269
http://www.holidaysinlloretmar.com/,-1,10,holidaysinlloretmar,131
http://www.sectv.ru/,2,275,"Tral Agent - онлайн видеонаблюдение через Интернет",47
http://plitkamos.ru/,0,0,"Производство и продажа тротуарной плитки ""СтройИнжДом"". Москва и МО",425
http://booksreadr.org/,-1,0,"Books Readr",19189
http://x15team.com/,-1,0,"X15Team Forum",981
http://4life-rf.ru/,-1,0,4life,3
http://veselon.ru/,1,0,"Веселон - продукты оптом в Дагестан!",28
http://rufireworks.ru/,2,20,"RUF fireworks -  Салюты и фейерверки. Пиротехнические шоу",131
http://www.mipokupaem.ru/,0,0,"Нижегородский портал ""Мы покупаем""",9
http://amwaychel.narod.ru/,-1,0,"Независимый предприниматель «Amway»",27
http://standart-ek.ru/,0,0,"Обувь от производителя из Санкт-Петербурга",242
http://www.peltonen.ru/,0,0,"Беговые лыжи и одежда Peltonen",77
http://www.kaskoproexpert.ru/,0,0,Kaskoproexpert.ru/,24
http://консул-авто.рф/,0,20,консул-авто,628
http://mastrukova.ru/,0,0,"Батик в подарок от Натальи Маструковой",18
http://www.photo-spirit.ru/,1,0,"Фотогалерея Photo-spirt.",3
http://slimehouse.ru/,1,0,"Слимкин блог",11
http://florens.ru/,0,10,"Компания ФЛОРЕНС",531
http://profesional.pp.net.ua/,-1,0,"Анекдоты от Profesional",115
http://www.prigunki.com.ua/,0,0,"1. 1 Детские прыгунки первый тренажер для ребенка. Киев - интернет-магазин",566
http://www.tavatuy.ru/,1,10,Таватуй,2078
http://fitnesskurs.com.ua/,0,0,"Курсы по фитнесу",181
http://zdorovyachok.org/,0,0,Здоровячок,363
http://corptelesys.ru/,2,0,"Корпоративные ТелеСистемы",450
http://www.rfcda.ru/,3,300,"Центральный Дом Актера",10
http://excalibur.com.ua/,0,0,"Портал о создании и продвижении сайтов :: EXCALIBUR",103
http://wealthmoney.ru/,1,20,"Wealthmoney.ru - новости мира финансов, высоких технологий, инвестиции, банки",380
http://guidehealthlife.ru/,0,0,"Guidehealthlife.ru | Руководство здорового образа жизни",12
http://www.interplast-plus.ru/,2,10,"ООО ""Интерпласт Плюс"" - кузовной ремонт в Нижнем Новгороде",600
http://mynewspaper.ru/,1,20,"Польза и вред на пути к здоровой жизни",16
http://zfjentgsff.sp-serial.ru/,-1,0,zfjentgsff.sp-serial.ru,83
http://www.hondaportal.ru/,0,0,"Honda. Тематический портал.",9
http://mbmstroy.ru/,0,20,MBMstroy.ru,330
http://dg-liberty.ru/,0,0,"Дизайн-группа Либерти",19
http://neurologic.ru/,1,0,"Информационный неврологический портал",3432
http://mazrostov.ru/,1,0,"Официальный дилер МАЗ в Ростове-на-Дону",1307
http://www.mycitroen.ru/,2,10,"Психологические типы",29
http://optika-optom.com/,0,0,"Оптика оптом Екатеринбург",62
http://yakutsk.matress.ru/,2,0,"Якутский интернет-магазин матрасов",188
http://www.itnotebook.ru/,3,0,ITnotebook,3587
http://oblivions.info/,1,10,"The Elder Scrolls IV Oblivion",886
http://www.bsicompany.ru/,0,0,"компания БелСтройИмпорт",53
http://torgstal.ru/,0,0,"Продажа металлопроката и металлоизделий",2361
http://razstore.ru/,0,0,"RazStore интернет-магазин сумок и аксессуаров",317
http://pytiminutka.ru/,-1,0,"Женский самоучитель по бизнесу",431
http://спиши-гдз.рф/,0,0,"ГДЗ помощь в учебе",415
http://uxus.net/,0,0,"SEO, партнерки, заработок в интернете, выбор хостинга",109
http://lfkkursk.ru/,1,0,"Центр  медицинского массажа и ЛФК",5
http://mba.ru/,4,550,"Программы MBA от Moscow Business School",75561
http://center-mpi.ru/,-1,0,"Медико-психологический центр индивидуальности",3
http://pcgamesportal.ru/,0,0,pcgamesportal,10
http://www.уличноетакси.рф/,-1,10,"Такси, экскурсии, трансферт, Санкт-Петербург",445
http://remont-moskva.su/,-1,0,http://www.remont-moskva.su,12
http://finanalitic.narod.ru/,-1,0,"Заработок на валютном рынке",9
http://www.thailandmir.ru/,3,0,"Моя жизнь и мой дом в Таиланде, все о Паттайе.",6
http://centrcrn.3dn.ru/,-1,0,"Бизнестрейдгрупп - стратегический менеджмент учебник Читать онлайн.",18
http://gomeopat.kz/,0,10,"ТОО Казахстанский гомеопатический медицинский центр",709
http://mirosnet.ru/,2,0,"Кино трейлеры, описание, актеры, новости",5
http://lightty.livejournal.com/,3,0,"Свет пришел в мир",215
http://lefstroy.ru/,0,10,"Строительство домов. Устройство фундаментов.",6
http://www.altpack99.ru/,1,20,"Упаковочные материалы, пленка, пакеты, одноразовая посуда",1030
http://радар-лидер.необрокер.рф/,0,0,"СКБ Радар-Лидер",10
http://osipovs.ru/,0,10,t-nasos,421
http://1trash.net/,2,0,"Один треш",1483
http://www.u-lekar.ru/,1,0,"Твой мудрый лекарь",157942
http://amdinfo.ru/,0,0,"AMD – Полезная информация и новости о продуктах",35
http://hatsnhl.ru/,-1,0,"Интернет-магазин бейсболок NHL",650
http://ksusha-club.ru/,1,0,"Ксю'шин Клуб негламурный женский альманах",32453
http://petralum.ru/,3,70,"ООО ""Петралюм"" завод алюминиевых конструкций и обработки стекла",5689
http://www.fidep.com,0,0,"ФИДЕП - социальная сеть",1
http://www.prodat-garazh.ru/,0,0,"Продать Гараж",2
http://shop-avito.ru/,-1,0,"АВИТО Магазин",2
http://polska.sitecity.ru/,0,0,"БЕСПЛАТНЫЕ ЗНАКОМСТВА  С ПОЛЯКАМИ - ЗНАКОМСТВА В ПОЛЬШЕ",2
http://www.argcrb74.ru/,0,0,"Аргаяшская центральная районная больница",318
http://the-dark-knight-rises-film.ru/,0,0,"фильм  Темный рыцарь: Возрождение легенды",12
http://adult-dating-portal.com/,1,0,"Портал Знакомств для Взрослых. Для секса, интима, оргазма",16
http://vimall.ru/,0,0,"Vimall - интернет-магазин цифровых товаров",10
http://liex.my1.ru/,-1,0,liex,4
http://vcalvine.ru/,0,0,"Трусы Calvin Klein",18
http://www.geprint.ru/,1,0,"Развлекательный мега-портал",205
http://gsm-lux.ru/,1,0,"GSM-LUX.ru: ремонт сотовых телефонов и ноутбуков",221
http://topomaps.ru/,0,80,"Портал о геодезии и картографии Topomaps",963
http://automix.clan.su/,-1,0,"Годовалые автомашины за половину цены",334
http://samniva.com/,0,0,"Самарская Нива",326
http://www.sapsanspb.ru/,1,20,"GSM сигнализации, видеонаблюдение, монтаж",2944
http://www.webcreativestudio.com/,3,0,"WebCreativeStudio.com - разработка профессиональных веб-решений",636
http://www.kakstatoratorom.ru/,0,0,"как стать оратором",395
http://470401.ru/,0,0,"Potolkoff - натяжные потолки",3
http://ruspaint.ru/,0,0,"Энциклопеция русских художников",40
http://www.emspost.net/,0,0,"Сайт отзывов о работе EMS почты",1329
http://hes-tlt.narod.ru/,0,0,ХИМЭНЕРГОСТРОЙ,56
http://nooq.ru/,-1,0,"Проект NOOQ",5
http://autoactive.neobroker.ru/,-1,0,"АВТОБАГАЖНИКИ И АВТОАКСЕССУАРЫ, магазин автотоваров",2
http://psy-ag.ru/,-1,0,"Помощь психолога",21
http://profikolor.ru/,-1,0,"Салон Красоты ПрофиКолор",65
http://www.sinef.com/,1,0,"«Синеф-Инжиниринг». управлению промышленными инвестиционными проектами",532
http://mirfutbolok.com.ua/,0,0,"Интернет магазин прикольных футболок",695
http://www.kontur-gr.ru/,3,190,"Частное охранное предприятие: охрана объектов в Москве, личная безопасность",2131
http://anolitantisept.com.ua/,0,0,anolitantisept,51
http://www.poliquartz.ru/,0,0,"Плитка тротуарная, брусчатка, полимерпесчаная черепица, производство тротуарной плитки",22
http://vampsatanelle.ucoz.ru/,-1,0,vampsatanelle.ucoz.ru,63
http://ttrans-group.com/,-1,0,ТЕХНОТРАНС,2
http://sadik14.ru/,2,10,"МАДОУ  Детский сад № 14 общеразвивающего вида",938
http://www.tmc-mice.ru/,0,10,"Travel Management Consulting, MICE-департамент",15
http://eroskachatknigi.ucoz.ru/,-1,0,"Скачать Бесплатные Игры - Главная страница",4
http://brjunetka.ru/,3,0,"Блог брюнетки",772485
http://hanyrik.ru/,2,0,"Северная Жемчужина Ханна",355
http://dorkomplekt.neobroker.ru/,-1,0,"ООО Доркомплект",1
http://obed-doma.com/,0,0,"Обед дома",11606
http://shinshillu.ru/,0,0,Шиншиллы,12
http://portal-sound.ru/,0,0,"Dj оборудование. Создание музыки. Midi клавиатуры",12
http://www.brahiterapija.ru/,0,0,Брахитерапия,119
http://blogtourist.com.ua/,0,0,"Блог украинского туриста",84
http://maskadlyalitsa.ru/,2,30,"Маски для лица",8
http://www.ogvp-omsk.ru/,1,0,"Проектная организация ОАО Омскгазводпроект",61
http://sms.geniuslab.su/,-1,0,"Анонимная отправка СМС с подменой номра",177
http://www.mindcares.ru/,0,0,mindcares,255
http://paroplast.com/,-1,0,"Паропласт - производитель листового пенопласта",442
http://fxpitdr.narod.ru/,-1,0,"Заработай на бетмаркет",16
http://sovinca.com/,0,0,Sovinca,64
http://just-sport.ru/,1,0,"Интернет-магазин спортивных и детских товаров ДжастСпорт, Екатеринбург",3
http://spaceuniverse.ru/,1,0,"Space Universe",85
http://koufukugyo.ebo.jp/,3,0,"副業/高収入 宣伝掲示板",37
http://mn7.ru/,-1,0,"МЕБЕЛЬНЫЙ ИНТЕРНЕТ-МАГАЗИН ""7 ДНЕЙ""",36
http://fishing.bl.ee/,-1,0,fishing.bl.ee,39
http://brnrazbor.ru/,0,0,"Запчасти Барнаул",857
http://kalkulyatoronline.ru/,2,0,"Калькулятор онлайн - бесплатный калькулятор",52355
http://www.staroyobivke.net/,1,10,"Перетяжка мягкой мебели",1061
http://www.pgtours.ru/,0,0,pgtours.ru,651
http://allagerc.ru/,1,0,"Ольга Гера - поэзия и авторская песня",91
http://www.specteh.webstolica.ru/,-1,0,"СРОЧНЫЙ ВЫКУП СТРОИТЕЛЬНОЙ СПЕЦТЕХНИКИ.(БАШЕННЫЕ КРАНЫ, АВТОКРАНЫ, ЭКСКОВАТОРЫ)",9
http://ekoskit.ru/,0,10,ЭкоСкитЪ,88
http://shkaf-by.com/,0,0,"ИП Михеев П.В.",63
http://gizamix.uz/,1,10,"Gizamix   сухие смеси, строительные  материалы",23
http://mirsell.ucoz.ua/,1,0,"3G MiRsell",15
http://maksipolinovcy.ucoz.ru/,3,10,Максиполиновцы,217
http://domashniirbet.ucoz.ru/,-1,0,"Презентация тренинг - анкета для тренинга.",3
http://stolnikov-motors.ru/,1,0,"Место нахождение человека по сотовом",814
http://www.alawar-zone.ru/,0,0,alawar-zone,5
http://lentadeneg.ru/,1,0,"LentaDeneg - информационный ресурс, от истории до реальных идей!",2000
http://www.antique-mebel.ru/,0,0,"Мебель на заказ: состаренная мебель из дерева сосны, деревянные интерьеры кафе",524
http://oleg-fedotov.ru/,1,0,"Олег Федотов певец исполнитель шансона. Шансонье Самара. Ведущий тамада в Самаре",53
http://www.emailtreatment.com/,2,0,"Лечебно-диагностический комплекс нового тысячелетия.",8
http://www.mirpetel.ru/,0,0,"Мир петель",424
http://eremex.ru/,3,80,"TopoR - Редактор топологии и автоматический топологический трассировщик",846
http://bookletsrus.com/,-1,0,"Книги по религии",6
http://bmebel.net/,0,0,"БИЗНЕС-МЕБЕЛЬ группа мебельных компаний",1611
http://туризмпороссии.рф/,0,0,"Туристическое агентство ""ПРЕСТИЖ""",24
http://vkuj.com/,0,0,"Путешествие по Нью-Йорку",45
http://simple-pro.com/,3,250,"Simple Pro. Лабораторная мебель",5508
http://www.alfabud-service.kiev.ua/,0,0,"АльфаБуд Сервис 2000",24
http://medno.blogspot.com/,0,0,"Новости медицины",12
http://ttmagazin.ru/,0,0,"Офисное банковское полиграфическое оборудование Интернет магазин",184
http://www.my-door.ru/,0,10,www.my-door.ru,143
http://говорун-курсы.рф/,-1,0,"Курсы иностранных языков ""Говорун""",141
http://www.sto-mast.ru/,0,0,"ООО «Сто-Маст»",5
http://a-pricep.ru/,2,10,"Арива - легковые прицепы для перевозки грузов, снегоходов, квадроциклов, лодок",34
http://futureecolife.com/,-1,0,"Sergio Bog",10
http://v-donsk.ru/,0,0,v-donsk.ru,91
http://xbb.uz/,3,90,"Открытый проект xBB",20921
http://krasota.jimdo.com/,0,0,"Марина: стихи* песни* рассказы* фотографии",27
http://www.stomatologicheskoe.ru/,1,0,"Стоматологическое оборудование",89
http://www.geohair.ru/,0,10,"Прически,стрижки,волосы - фото причесок.",6175
http://start-page.ru/,2,0,"Стартовая страница интернета",5172
http://vilnikrila.in.ua/,-1,10,"«Вільні крила» - Туризм и Путешествия",3068
http://rosiehuntingtonwhiteleynude.cecibo.com/,2,0,http://rosiehuntingtonwhiteleynude.cecibo.com,6
http://socioniki.net.ru/,2,0,"Общество Анонимных Социоников",1010
http://jourclub.ru/,3,170,"Учебная литература, электронные учебники, каталог статей",40130
http://2gruz.ru/,0,0,2gruz.ru,10
http://ibizavip.ru/,0,0,"IBIZA VIP - Элитный отдых на острове Ибица. Арендовать роскошную виллу, яхту.",4
http://uralsvet-r.neobroker.ru/,-1,0,"ООО УралСвет-Р",3
http://www.nikolai-kozlov.narod.ru/,1,10,"Сайт творчества Николая Козлова",113
http://великолепна.рф/,-1,0,"женский сайт",2
http://cofttzko.my1.ru/,-1,0,cofttzko,14
http://petec-spb.ru/,0,0,"ООО ""ПЕТЭК""",12
http://www.shop-leipzig.de/,2,0,"Online Shop Preissuchmaschine Preisvergleich",165
http://www.edudomoi.ru/,0,0,"Переезд в Россию на ПМЖ",254
http://www.bank56.ru/,1,0,"Банки Оренбург",9
http://www.trlog.narod.ru/,0,0,"ПК ""ТрансЛогистик SOFT""",170
http://www.omskrusdeutsch.ru/,1,20,"Информационный портал российских немцев г. Омска",8
http://fokus-pokus.com/,0,0,"Самые известные и популярные фокусы в мире.",4
http://hotel.minisite.ru/,1,0,"мини-отель ПЕНТХАУС",44
http://www.b-k.com.ua/,3,20,"Будинок клоунiв",535
http://cashsite.ru/,-1,0,"Заметки PHP-кодера",3
http://f-angels.ru/,1,0,"Клан-сайт Fallen Angels",54
http://1chance.ru/,3,0,"Доска объявлений 1CHANCE.RU",313
http://www.blog-castcom.ru/,1,0,"Корпоративный блог CASTCOM",69
http://www.santech1.ru/,0,0,"интернет магазин качественной сантехники",4989
http://marketingvow.ucoz.com/,-1,0,"Открыть эффективный бизнес проект - бизнес план под заказ.",10
http://young-office.ru/,2,20,"Детская мебель moll",202
http://prukarpattya.at.ua/,1,0,"Дошка оголошень Прикарпаття",64
http://ir-18.ru/,-1,0,"ООО ""Творческое объединение ""Индустрия развлечений""",335
http://forexearthrobot.com/,1,0,"Forex Earth Robot - The Robot That You Tell How Much To Make. Buy Forex Earth Ro",636
http://kislovodskforum.ru/,0,0,"Форум Кисловодска - форум города Кисловодск",259
http://segwayrf.ru/,0,0,"Сегвей РФ",36
http://finbrok.ru/,0,0,"Финброк - бюджетный автомат",191
http://zoomir62.ru/,-1,0,"Зоомир Рязань",21
http://danaj.ru/,1,0,даная,2989
http://татэкспосервис.рф/,1,30,ТатЭкспоСервис,118
http://potreb-nadzor.ru/,1,0,"Служба Защиты Прав Потребителей",5858
http://slavmarka.neobroker.ru/,0,0,"Белита-Витэкс, магазин косметики",15
http://www.steady-doors.ru/,0,0,"Steady-Doors.Ru - продажа и установка металлических дверей в Москве.",262
http://tv-zone.org/,-1,0,"TV-ZONE.org — фильмы и сериалы онлайн",31
http://aitmatov.kg/,-1,0,Айтматов,1156
http://more-msk.ru/,4,650,"More- купальники, парео и пляжная одежда из Италии",1922
http://www.dreamdraw.ru/,1,0,"DreamDraw.ru веб дизайн",4673
http://www.puteshop.ru/,2,325,"GPS навигаторы, автомобильные и портативные навигаторы - PuteShop",30489
http://historyculture.ru/,0,0,"История культуры",431
http://avtokotlas.ru/,-1,0,"ООО ""КИТ""",461
http://alkogo-problem.ru/,1,0,"Алкогольные проблемы",165
http://mediamir.at.ua/,-1,0,"Фильмы онлайн",3
http://www.orhidei-life.narod.ru/,1,10,"Петербургская орхидея из Реука Лайф",88
http://privat-agent.at.ua/,0,0,"Агент приватбанка",68
http://www.instruction.businessvinternet.ru/,0,0,"Пошаговая инструкция по созданию бизнеса в интернете",69
http://7lm.ru/,0,0,Книги,8
http://karapuzdom.ru/,0,0,Nataliaben,7
http://zabryanskaya.ru/,0,0,"Фотограф - Забрянская Ольга",3
http://tmxxi.nm.ru/,3,20,"Компания ТМ 21 Производство мебели",2
http://www.hbp.polish.ru/,0,0,"HBP тренажеры спортивное оборудование фитнес фирма в Польше",8
http://f-partnerka-teyc.ru/,-1,0,"партнерская программа дилингового центра",6
http://tools365.ru/,0,0,"Tools365 интернет магазин инструментов",8
http://shchukin-vlad.livejournal.com/,4,130,"очаг поражения головного мозга",47
http://admship.ru/,4,190,"ОАО ""Адмиралтейские верфи""",16231
http://www.childapr.ru/,0,0,"Детские игрушки, товары для детей - купить/продать товары для детей и игрушки.",5
http://www.novoskol.ru/,-1,0,"Форум города Новый Оскол",6
http://citytelecom.ru/,3,375,"Citytelecom - интернет провайдер",3008
http://ukr-razborka.ucoz.ru/,0,0,"Автомобильная разборка BMW,запчасти BMW",9
http://www.stroykat.com/,4,275,"Строительный портал Stroykat",97386
http://femmearabe.info/,-1,0,"femme arabe",15
http://softpirat.net/,-1,0,softpirat.net,3
http://skaterka.info/,1,0,"Вкусные рецепты",170
http://ukrnerudprom.com.ua/,1,0,http://ukrnerudprom.com.ua/,74
http://www.rusmedcenter.ru/,0,0,"Медицинский центр ""РусМедЦентр""",241
http://www.ratingbank.ru/,0,0,"Народный рейтинг банков г. Москвы",34
http://controlclimate.ru/,0,10,"Лучшая стоимость кондиционеров, продажа кондиционеров москва, купить кондиционер",83
http://www.vulkaninfo.ru/,0,0,"Вулканинфо: всё о вулканах и извержениях , координаты, типы и высота",3385
http://buket-nevest.ru/,-1,0,"Букет невест - свадебный портал",29
http://www.gymrostov.ru/,1,10,"GYM-Джим фитнес-клуб",4
http://zbert.ru/,2,0,"Всё для вебмастера, для Ucoz",111
http://www.mucor-piter.ru/,-1,0,"Вывоз мусора СПБ",34
http://www.orphey.com.ua/,1,0,"Центр развития ОРФЕЙ",667
http://kirpichi174.ru/,0,0,"СПЕЦСТРОЙ (Челябинск): Кирпич, ЖБИ, пеноблок. Доставка. Купить в Челябинске",217
http://www.top5-10.ru/,2,0,"Продвижение сайта и Раскрутка сайта",145
http://www.holod-kubani.ru/,1,0,"Холод Кубани",5
http://freenero.info/,-1,0,"Программа Nero",19
http://zodctiy.ru/,0,0,"Блог про путишествия",19
http://stis.kh.ua/,1,0,"Интернет-магазин бытовой химии",2313
http://mf72.ru/,1,0,"МФ Сибкомплектстрой - септики в Тюмени",21
http://студия-премьера.рф/,0,0,"Студия эстрадного мастерства",46
http://www.metallprof.com/,0,0,"Металлообработка, шелкография, фрезеровка",32
http://www.megapolis8.ru/,0,0,"ООО""Мегаполис"" Продажа ламината,ковролина,линолеума,сухие смеси CERESIT",1315
http://svetilnici-spb.ru/,0,0,"Установка , монтаж и подключение светильников",38
http://vip-beststroy.ru/,-1,0,"Материалы для строительства и благоустройства коттеджей",5
http://odejdakitay.ru/,0,0,"Одежда из Китая",15
http://ussuri-ltd.com/,1,350,"""Уссури"" - оборудование для порошковой окраски",355
http://cshome.ru/,-1,0,"CShome - портал о игре Counter-Strike 1.6",5
http://spc-prospect.ru/,-1,0,"Сибирская Правовая Компания ""Проспект""",49
http://mobile.baaza.ru/,2,0,"Каталог мобильных телефонов",491
http://www.sims3.su/,0,0,"The Sims 3 - ÐÐ¾Ð¿Ð»Ð¾ÑÐ°Ð¹ Ð¼ÐµÑÑÑ",7
http://billiard-profi.com.ua/,0,0,"Бильярдные столы, теннисные столы, сейфы, Магазин в Запорожье",105
http://metalloloms.ru/,4,0,ОРИСПРОМ,7
http://consultsis.ru/,1,0,"Компания Консалтинг Сервис Интерстандарт",44
http://www.tvkolik.net/,3,0,canlıtv,6
http://denegvalom.blogspot.com/,0,0,"ЗАРАБОТАТЬ В ИНТЕРНЕТЕ - ЭТО РЕАЛЬНО!!!",141
http://www.12mpx.ru/,4,0,"Фотограф Валентин Гревцов",976
http://porsche-akpp.ru/,0,0,"Ремонт акпп Порше, Ленд Ровер, Ягуар, Мазерати",63
http://skript.h18.ru/,1,0,"Скачать скрипты бесплатно!",8
http://optdengi.ru/,1,0,"Мегамаркет банкнот и монет всех стран мира - optdengi.ru",741
http://www.spbtricolor.ru/,1,0,"Триколор ТВ - бесплатное спутниковое телевидение Санкт-Петербург",3241
http://www.rusbizmet.ru/,0,0,"www.rusbizmet.ru - Оптовые поставки стального и оцинкованного металлопроката",162
http://www.rst.by/,3,20,"Ремонт ноутбуков компьютеров принтеров в Минске Беларусь",8
http://www.suzdalwelcome.ru/,0,0,"суздаль отдых",204
http://allforchildren.ru/,5,500,"Все для детей",1967751
http://www.upik.ucoz.ru/,0,0,"Кафедра УПиК Академии ФСИН России",256
http://vrnelectro.ru/,1,50,"Интернет магазин электрики",1668
http://www.pusk-spb.ru/,0,0,"Электромонтажные работы - ООО Пуск",145
http://kiselevam.ru/,0,0,"Дизайн и пошив одежды",11
http://rabotasuper.ru/,0,0,"Работа Супер!",88
http://kit1980.ru/,0,0,"Сайт программиста",78
http://nedster.ru/,0,0,"Недвижимость Стерлитамака",88
http://forbo.compol.ru/,0,0,"Напольные покрытия Forbo",52
http://tvby.ru/,0,0,"Сервер белорусских радиолюбителей и электронщиков.",8
http://lossless.mybb.ru/,-1,0,"Lossless Music",703
http://leningradwalks.su/,1,0,"Прогулки по Ленинграду",78
http://уралфорекс.рф/,0,0,"Уралфорекс. Представительство Broco в Екатеринбурге",14
http://www.13home.ru/,3,0,"Недвижимость Саранска",82
http://www.sstroika.ru/,0,0,"Энергоэффективность экодома, теплоснабжение, водоснабжение и канализация",8
http://arabeska.su/,0,0,"Компьютерная вышивка на заказ Ремонт одежды Украшение интерьера г. Санкт-Петербу",37
http://avon-love.ucoz.ru/,-1,0,"Avon Башкортостан Оренбург",23
http://cool-aa.at.ua/,1,0,"Наш Червоноград",669
http://up-file.org.ru/,0,0,"Скачать бесплатно фильмы игры музыку без регистрации!",4
http://novagos.ru/,-1,0,"Свежие новости из различных источников",6
http://www.amurpravda.ru/,4,0,"газета ""Амурская правда""",1669
http://amishko.com/,1,0,"Мишко Александр, фотограф в Днепропетровске",222
http://top-co.ru/,0,10,"Мировые компании, отзывы, статьи, комментарии. TOP-co",5972
http://tutstroim-sami.ru/,0,0,"Тут строим сами",115
http://orilife.kz/,1,0,"Консультант Орифлэйм",1292
http://www.svadba-obninsk.info/,2,0,"Свадебный портал г.Обнинска",2901
http://www.caprizcasino.com/,1,0,caprizcasino.com,8
http://www.lefspb.ru/,0,0,"ЛЕФ - аварийно-техническое обслуживание организаций",102
http://www.mt-vent.ru/,2,140,"Изготовление и монтаж воздуховодов из оцинкованной стали - ООО МТ",916
http://balalaika.org.ua/,1,0,"Балалайка.org.ua - ноты для балалайки, литература, mp3, видео",457
http://gorodevpatoriya.livejournal.com/,-1,0,http://gorodevpatoriya.livejournal.com/,70
http://vashpitomec.info/,-1,0,"Ваш питомец",29
http://linezero.ru/,0,0,"Скачать софт бесплатно",12
http://e-krim.com/,1,0,"Отдых в Евпатории",16
http://newlifeorto.ru/,0,0,"Сеть ортопедических салонов Нью Лайф",176
http://sungat.ru/,3,40,Мафия,10370
http://webinfocenter.ru/,-1,0,"Пассивный доход в сети интернет",5
http://www.sculptura.ru/,4,40,"Фонд Скульптор",86
http://avontrade.ru/,-1,0,AVONTRADE,3
http://xalyava.2bb.ru/,-1,0,"Вся халява интернета!",117
http://himkitv.ru/,0,0,Антенны,173
http://delo61.ru/,-1,0,"Магазины Ростова-на-Дону",12
http://photoshop2012.ucoz.ru/,-1,0,"Скачать Фотошоп",42
http://patfoto-alexs.blogspot.com/,0,0,"Балаклава Сити.",196
http://ansu-3.ru/,0,0,"Агентство недвижимости по Барнаулу и Алтайскому краю",222
http://kar-art.blogspot.com/,0,0,"RETRO CARS",18
http://www.all-music.name/,1,0,"Бесплатный музыкальный портал - лучшая музыка шести десятилетий",578
http://1111.moy.su/,0,0,"Белый каталог",768
http://theflorange.ru/,0,0,"нижнее бельё florange",159
http://mbalt.ru/,0,0,Миссия-Балт,49
http://www.tvoytour.com.ua/,0,0,"Агенство лучших туров  ""Твой Тур""",4
http://launchsite.ru/,0,0,"Разработка сайтов и лендингов под ключ - Launchsite.ru",9
http://arsrealty.am/,0,0,"Ars Realty Недвижимость в  Ереване",10022
http://www.super-shlang.ru/,0,10,"Шланги ПВХ, шланги поливочные, армированный шланг",994
http://nurlat.complex-oil.com/,-1,0,"Скачать игры на телефон бесплатно",32
http://absolut-rus.com/,0,0,"ООО Абсолют Транс",82
http://www.stroimvmeste.udm.ru/,-1,0,"Группа компаний Строим Вместе, г. Ижевск",459
http://www.schwule-boys.eu/,1,0,"Schwule Boys sind immer auf der Suche nach einem Date mit geilen Männern",77
http://minuscity.ru/,3,0,"неОфициальный форум г.Минусинска",1175
http://runo.ks.ua/,3,0,"Золотое руно Таврии - проект возрождения овцеводства на юге Украины",2133
http://alter8.ru/,0,0,"ООО Альтернатива",649
http://ivanbl4.ru/,0,0,"Блог о seo",1070
http://wiena.ucoz.ua/,-1,0,"Звенигородский портал",27
http://salonabim.ucoz.net/,-1,0,"Смотреть бизнес план - бизнес планирование попов скачать.",10
http://24sms.info/,2,0,"Новости мобильной связи",9
http://www.cloth-diz.ru/,0,0,"Одежда для модниц. Последние коллекции модных Кутюрье и винтаж. Гламур и роскошн",6
http://halon.su/,2,0,"halon - сайт для друзей",8
http://detskiy-mir.net/,4,600,"ТВОЙ ДЕТСКИЙ МИР - ЗДЕСЬ НЕКОГДА СКУЧАТЬ!",60004
http://drova-les.ru/,-1,20,"Дрова берёзовые колотые с доставкой",2055
http://new.privetkupon.ru/,-1,0,new.privetkupon.ru/,651
http://vzlombelo4ek.ru/,4,0,"Трагедия белок",95
http://rakku.ru/,0,0,"Rakku - Будущее хранения обуви и ручных сумок",793
http://phot0edit.blogspot.com/,0,0,"Обработка фото online, уроки Photoshop",18
http://kinofon.info/,1,10,"Монтаж и кино",11
http://www.worldofminigames.ru/,0,0,"Казуальные игры",13
http://velorobot.ru/,1,0,"Велоробот ANE",548
http://www.sredaobitan.ru/,0,0,"среда обитания",63
http://kpolyakov.narod.ru/,3,350,"Преподавание, наука и жизнь",52703
http://serov.join.ru/,-1,0,"JOIN.RU - работа в г. Серов",8
http://www.laura.ru/,3,550,"ДС ЛАУРА / Chevrolet, Opel, Saab, Cadillac, Hummer, Suzuki, Harley-Davidson",29
http://seliger-valday.com/,-1,0,"Туристическая компания Вершина",3
http://www.designwoods.ru/,0,0,"DESIGNWOODS.RU — Изготовление и установка паркет,фасад,террас,евровагонки",16
http://www.stroyrp.ru/,0,0,"СтройРП - козырьки, навесы, теплицы",48
http://arcoh.ru/,0,0,"Группа компаний Радуга",44
http://clocks.ucoz.com/,0,10,"Фарфоровое время. Лучшие часы. Интернет-магазин",47
http://www.masterskii.ru/,0,0,"Мастерские столярные и слесарные. Работа и ремонт в мастерских.",8
http://www.lightplay.ru/,1,80,"Light Play - торговое оборудование, платежные терминалы",1318
http://www.usadba.odessa.ua/,0,0,"Ландшафтный дизвйн",8
http://rextravel.ru/,1,0,"Заказать лучшие экскурсии на Лазурном Берегу",767
http://usmproject.ru/,-1,0,"USM Project",4
http://parts.motoraid.ru/,-1,0,parts.motoraid,60
http://www.marketing-revolution.ru/,2,0,"""Маркетинг Революшен"" - маркетинговое агентство в Пензе",322
http://cbtv.ru/,3,0,"Сайт Клуба болельщиков ""Торпедо"" Владимир",315
http://humanage.ru/,1,0,"Human Age - новая эпоха человеческого капитала!",22
http://chernivtsy.eu/,3,0,"Чернівецька міска рада",14470
http://pr1de-clan.ru/,0,0,pr1de-clan,59
http://exfile.ru/,2,180,"Файлообменник ExFile",10146
http://www.2dipol.com/,2,0,"Ham radio antenna wire",712
http://www.gazeta-gorodok.crimea.ua/,2,0,"Газета ""Городок"" Симферополь",744
http://doneck.bazar-tm.net/,0,0,"BAZAR™ - Донецк",82
http://kofeman-irk.ru/,0,10,Каффекс,355
http://good4all.ru/,0,0,"Goods 4 All - Товары Для Всех",265
http://стройремонт67.рф/,-1,0,"Стройка и ремонт",19
http://school428.ru/,0,0,"ГОУ СОШ №428",7
http://coralclub.org/,-1,0,"Сайт о продукции Международного Кораллового Клуба",10
http://www.mama-best.ru/,1,130,"Товары для мам и малышей",9437
http://rifey.ru/,4,550,Рифей-Пермь,79936
http://www.simmetriya.ru/,0,0,"Лечебный массаж",50
http://bloody-games.3dn.ru/,-1,0,"Пристанище кровавых игр",12
http://medclinika.ru/,0,0,"Лечение гайморита. Кашель лечение. Гинекология и акушерство. Протезирование суставов.",28
http://www.nasvayu.net/,0,10,"Насваю НЕТ",12
http://www.alkoveikals.com/,-1,0,"Alcohol shops review",312
http://www.stroyprogress.org/,1,10,"Стройпрогресс - мелющие тела",351
http://hotturist.ru/,1,0,"Альянс Туры.ру ВДНХ hotturist.ru",439
http://fon.sp-serial.ru/,-1,0,fon.sp-serial.ru,2
http://www.ruchki.ru/,0,0,"Рекламные и сувенирные ручки с логотипом",3
http://www.kovryspb.ru/,0,0,"Магазин ковролина, паласов и ковров в Санкт-Петербурге на KovrySpb.Ru",1408
http://forum.architektonika.ru/,0,0,"Форум об Архитектуре, Дизайне и Строительстве",5937
http://www.americanec.ru/,0,0,"Интернет-магазин эксклюзивных детских колясок, игрушек и аксессуаров",21
http://sel-game.ru/,0,0,sel-game.ru,599
http://uspro.iwork.com.ua/,0,0,"Uspro - ручной сервис рассылки объявлений только украинские доски",262
http://via-craft.ru/,-1,0,"Via-craft - Комплекс игровых серверов minecraft.",6230
http://laleantiloplip.ru/,1,0,"Дом кожи и меха ""LALE ANTILOP""",737
http://more-bolgaria.ru/,2,0,"More Bolgaria- Недвижимость в Болгарии",7
http://falesti-info.blogspot.com/,1,0,http://falesti-info.blogspot.com,141
http://нпк-альфа-интех.необрокер.рф/,-1,0,"НПК «Альфа-Интех»",2
http://www.uptk-sgm.ru/,0,80,"""УПТК СГМ"" - строительство и производство металлоконструкций",237
http://doknet.su/,0,0,"Корма для животных, мясопродукция, сельхозпродукция ООО ГТК г. Санкт-Петербург",68
http://androidcafe.ru/,1,0,"Android Cafe",78
http://dezstanciya-24.ru/,0,0,"Санитарно-гигиеническая служба",3
http://astrolabe-shop.ru/,1,10,"Продажа GPS навигаторов, GPS приёмников и электронных карт России и Европы",117
http://6391563.рф/,0,0,"ЗАО Управление по РНЭФП",63
http://kinolik.ru/,1,0,"Сайт кино",84
http://www.dinskaya.ru/,1,10,"ст.Динская Краснодарского края",27
http://www.mir-stroim.ru/,0,0,"Натяжные потолки, кухни, шкафы. Дмитров, Талдом, Дубна, Москва, Лобня",40
http://knifeparty.ru/,1,0,"Knife Party",3
http://plants-vs-zombies-3.ru/,0,10,"Plants vs Zombies 3 скачать бесплатно",1255
http://sterilitas.ru/,0,0,"Бесплодие можно лечить",511
http://alexlaz.hostoi.com/,0,0,"Начинающий юрист",8
http://www.family-doctor.kiev.ua/,-1,20,"Медицинский центр Семейный доктор",609
http://www.autorinokua.com/,2,0,"Авторынок Украина - продажа подержанных автомобилей",807
http://www.doborniki68.ru/,1,10,"Производственная компания ""СИТИ-М ГРУПП""",500
http://brandume.ru/,2,0,"Брендуме - революция в резюме",68
http://elenababicheva.blogspot.com/,0,0,"Наши руки не для скуки...",20
http://girlsbeers.blogspot.com/,-1,0,"Деффочки и Пиффко",14
http://gtnews.ru/,2,0,Бизнес-новости,99
http://student-tumen.ru/,0,0,"Помощь учащимся Тюмени",37
http://videopricel.ru/,0,0,"Компания Видеоприцел",130
http://re-torrent.ru/,1,0,"Торрент без рейтинга и регистрации",8752
http://vlatantex.jimdo.com/,1,0,"Домашний декор, халаты, полотенца, коврики, постельное белье. 100% гарантия каче",39
http://daberi.ru/,2,0,"тамада ведущий Виталий Басов",325
http://www.utpg-echo.com/,-1,0,"УТПГ ЧМП ЭХО",115
http://puzankov.com/,1,0,"Фотограф Сергей Пузанков",30
http://grifon.hop.ru/,0,0,"Изделия медицинского назначения",344
http://telovdelo.ru/,1,0,"спортивный интернет-магазин, спортивные тренажеры, беговые дорожки, велотренажер",95
http://www.vkatalog.info/,0,10,"Каталог видео курсов",12
http://www.tm-kupol.ru/,0,0,"НПО ""Купол""",3
http://oszpp.ru/,0,0,"Каталог драйверов",132
http://btcent.ru/,0,10,"Центр Деловых Технологий",134
http://infostend.narod.ru/,-1,0,"Информационные стенды",37
http://www.zed-site.ru/,2,0,"Дизайн студия Z - создание сайтов, продажа сайтов, дизайн сайтов, веб",604
http://www.astraliy.narod.ru/,0,0,"Талисманы! , Нумерология! , Совместимость имен! Гороскоп",10
http://www.nokia-n86.ru/,0,0,"Nokia n86",3
http://www.souz1.ru/,0,0,"Финансово-страховой брокер ""СОЮЗ""",18
http://www.mp3-usb.ru,0,0,"Аксессуары MP3",795
http://photo.kolomna.net/,-1,0,"Фотосайт г.  Коломна",21
http://domochag66.ru/,0,0,"Центр услуг ""Домашний очаг""",34
http://www.zimsad.com/,2,0,"GLASAL - Зимние сады",1033
http://a430.ru/,-1,0,a430.ru,26
http://mirjurnalov.com/,2,0,"Мир Журналов - скачать бесплатно журналы",16415
http://vash-potolok.ru/,3,850,"ВАШ ПОТОЛОК",9011
http://parfmaniak.ucoz.ua/,-1,0,"Парфюмерия и косметика у Вероники",11
http://www.svk-pooh.nm.ru/,1,0,"Островок виртуальной жизни Poohа",12
http://tsnews.ru/,-1,0,"Твои Свежие Новости",2799
http://www.2135887.ru/,-1,0,"Вокруг Света ТК",83
http://www.msk-scr.ru/,1,0,"Московская служба коммунальных работ",3
http://testology-book.ru/,0,0,"Практическая тестология",141
http://dkz.by/,-1,0,"ОАО ""Дрогичинский комбикормовый завод""",51
http://www.avignon-band.com/,-1,0,"Группа ""Авиньон""",7
http://deolinda.ru/,0,0,"Женский интернет журнал Deolinda",1593
http://biblioteka-apsheronsk.ru/,-1,0,"Официальный сайт детской библиотеки г. Апшеронска",6
http://rezolit.com/,0,0,http://rezolit.com/,436
http://tshirtblog.ru/,-1,10,"Блог Креативных Футболок",9
http://lawdoc.com.ua/,0,0,"База юридических документов",4371
http://makler3d.ucoz.ru/,-1,0,"Недвижимость в России и за рубежом",16
http://yahta.biz/,0,0,"Яхта.biz - все о яхтах",69
http://fuja.ru/,-1,0,"Интернет Магазин WWW Интернет Магазин",2
http://krimhotel.com.ua/,-1,0,"Отдых в Орловке",15
http://baby-chaild.ru/,1,10,Ребенок,18409
http://qsatis.ru/,0,0,QSatis-art-мастерская,10
http://www.saharniydiabet.ru/,1,0,"Сахарный Диабет.ру",4209
http://алмазное-сверление-самара.рф/,0,0,"Алмазное бурение - Самара",57
http://taxeq.ru/,0,0,"TAXEQ Consulting",25
http://peugeotlab.ru/,0,0,"Автомобили Peugeot",3
http://std-information.ru/,0,0,"std-information.ru - рынок недвижимости",10
http://www.fotonn.narod.ru/,-1,0,"FotoNN-любительская фотография",15
http://www.oturanbilge.com/,0,0,"Oturan Bilge",14907
http://avto-bazar.info/,1,0,"Авто Базар Инфо",10
http://servisplus154.ru/,0,0,"Оборудование и комплектуюшие для общепита",33
http://ukrslides.com.ua/,0,0,"Освітня скарбниця",55997
http://www.aludeco.ru/,0,0,"Изготовление образцов отдел ALUDECO",6
http://otmechayu.ru/,0,0,"Поздравления, сценарии праздников, тосты, открытки",96
http://our-pets.info/,0,0,"Our-Pets - портал о домашних питомцах",10
http://www.auto.kazancity.ru/,1,0,"ООО ""КамАЗагросервис"" - официальный дилер ОАО ""КАМАЗ"".",11
http://pegast.nm.ru/,-1,0,"Туристический портал: путешествия, туризм, отдых, поездки",3
http://kinoonlain.org/,2,10,"Новые фильмы онлайн 2012-2013 г смотреть бесплатно в HD качестве",18796
http://deathcoder.ru/,1,0,"Death Coder - CodeCraft == itself is power",5944
http://beznal-service.ru/,0,0,"Компьютерное обслуживание организаций",86
http://petrovskiy.at.ua/,1,0,"Альтернативні енергозберігаючі технології",198
http://www.paykaforum.ru/,0,0,"Форум о паяльном оборудовании",1288
http://diss-cs.at.ua/,0,0,"Игровой портал",241
http://www.fermipan.ru/,-1,0,"Дрожжи Fermipan (Фермипан). Компания Голландские пекарные ингредиенты.",5
http://resheniemeopt.ucoz.com/,-1,0,"ГДЗ по Химии 9 скачать - задачи по электрохимии с решениями.",18
http://domesp.ru/,0,0,"Недвижимость в Испании купить",111
http://vipvuz.ru/,0,0,"Дипломы и научные степени с проводкой",105
http://allvar.ucoz.ru/,-1,0,"Мир софта и казуальных игр",640
http://www.passeport.ru/,3,0,"Паспарту - оформление загранпаспорта",704
http://phuket-wedding.ru/,0,0,"Свадьба на пхукете",5
http://eliza66.ru/,-1,0,"СТУДИЯ КРАСОТЫ «Е 'Лиза»",117
http://telemok.ru/,0,0,"Случаи и истории из жизни",4
http://si-mebel.ru/,0,0,"Си-мебель.ру - интернет-магазин мебели.",145
http://sotvorimvmeste.ru/,1,0,"Сотворим вместе",3680
http://ookb.narod.ru/,-1,0,"Оренбургская Областная Клиническая больница №1",37
http://sammas.ru/,0,0,"SammaS - Сам мастер. Все о стекломатериалах.",728
http://www.lopuhi.com.ua/,1,20,"Лопухи в поисках адреналина",19
http://www.remont-gorenje.holodilnikov.msk.ru/,-1,0,Горенье,77
http://glazovclub.ru/,0,0,"Glazov Club",1063
http://eko-srub.ru/,0,0,"Срубы для дома и бани.",9
http://www.doshkolnichki.ru/,-1,0,"Воспитание Дошкольников",3
http://bowliz.ru/,0,0,"Боулинг изнутри. Форум механиков боулинга,  полезная информация для клубов",168
http://artculture.tj/,4,0,"Календарь культурных событий",174
http://digiz.ru/,3,0,"Социальная сеть владельцев гаджетов",840
http://safari-r.ru/,1,0,"Продажа щенков, Сибирские хаски, Аляскинский маламут, Акита ину, Западно сибирск",342
http://www.herballand.ru/,0,10,"Herballand - Аксессуары, Бонги, Чай",169
http://vancuver.in/,0,0,"Эксплуатация автомобиля для тех, кто за рулем.",390
http://zarabotok-v-internet.com/,0,0,"Заработок в интернет",238
http://zemclub.ru/,0,0,zemclub.ru,6231
http://cepik.blogspot.com/,-1,10,"cepik Dot Com",17
http://www.metakomsec.spb.ru/,1,60,"Метаком Северо -Запад - домофоны, системы контроля доступа",2397
http://fordxyet.ucoz.com/,-1,0,"Руководство ЗИЛ 130 - Рено Сандеро руководство по эксплуатации.",13
http://www.oleginvest.ru/,0,0,"Грани жизни, бизнеса и инвестиций",30
http://best-soccer.ru/,2,0,"Лучшее о футболе",6
http://www.spdfund.org/,3,70,"Фонд развития межсекторного социального партнерства",231
http://validatory.ru/,1,0,Валидаторы,651
http://ckgranit.ru/,0,10,"ООО СК Гранит - нерудные материалы, щебень, песок, бетон - продажа и доставка",1412
http://www.teplahata.com.ua/,2,30,"Teplahata.com.ua - Интернет магазин теплотехники, сантехники в Киеве.",12337
http://www.поискответов.рф/,0,0,"Поиск ответов на ваши вопросы",9
http://wowzerg.ru/,0,0,WoWZerg,9
http://www.soloviews.com/,2,0,"Фотогалерея «Соло Views»",46
http://seehd.net/,0,0,"SEEHD фильмы онлайн, hd films online, online, смотреть фильмы бесплатно",337
http://deti.taminfo.ru/,2,0,"Центр Ради будущего, Тамбов",285
http://open-air.kz/,-1,0,"Open Air",7
http://kineshmagirls.com/,0,0,"Сайт знакомств - KineshmaGirls.Com",41
http://www.ameno.ru,5,2800,"МАГИЯ,гадания, мужчины, рецепты, личная жизнь, дети на AMENO",21
http://visavis22.ru/,-1,0,Vis-A-Vis,269
http://sponsory-platyat.ru/,-1,0,"Заработок в интернете. Эконикс.",3
http://www.malahai.ru/,0,0,"Интернет - магазин подарков малахай",3
http://svdelo.com/,2,0,"Идеи малого бизнеса с нуля",512
http://razvitie-73.ru/,0,0,"Областное государственное бюджетное образовательное учреждение для детей, нуждаю",80
http://vgorodke.com/,-1,0,"Удивительное рядом",122
http://www.s-32.ru/,0,0,"Стоматологическая клиника Studio 32 г. Краснодар",5
http://drhitmangroup.ucoz.ru/,-1,0,"DrHitmanGroup-портал игровых новостей",20
http://vidstrahovaniya.net/,0,0,"Виды страхования",5
http://www.gpsbelarus.com/,2,0,"GPS Беларусь",12
http://www.gecechat.net/,3,0,gece,4
http://parkcraft.ru/,0,0,PARKCRAFT,30
http://osradio.ru/,4,1500,"Первое Осетинское Радио",22288
http://belkreativ.ucoz.ru/,1,0,Креатив,856
http://134.su/,2,30,Волгоград,3057
http://www.tophouse.ru/,3,2500,"«ТОП ХАУС - Лучшее для загородного дома» - Санкт-Петербург - (812) 324-60-70",136094
http://prowedding.com.ua/,1,20,"Эксклюзивные свадебные фильмы и свадебное фото",2969
http://orenburg-news.ru/,0,0,Оренбург-news,82
http://mebelkukol.ru/,0,0,"Мебель для кукол",202
http://www.strnet.ru/,2,40,"Южный Урал - регион предприятия и сайты",471
http://chayka-audit.ru/,0,10,Чайка-аудит,799
http://uzru.uz/,1,0,"Общество дружбы Россия - Узбекистан",199
http://www.hotheadlines.ru/,0,0,"Достопримечательности и туристические места мира",152
http://avbiz.ru/,0,0,"АвбиZ, Агентство интернет-проектов",6
http://www.antigla.ru/,0,0,"Вязание спицами, вязание крючком",127
http://franke-moscow.ru/,0,0,рунет,198
http://www.eduplan.ru/,0,0,"EDU Plan - План образования",16302
http://salernoponteggi.ru/,0,0,salernoponteggi,10
http://mustyle.ucoz.ru/,-1,0,"MUStyle - музыкальные стили",26
http://kristall-saratov.ru/,3,300,"ХК Кристалл (Саратов) - официальный сайт",6003
http://info-asterix.ru/,0,0,"Успешный Партнер",752
http://gruzotakci.ru/,0,0,"Вип груз",42
http://all-docs.com/,0,0,"Законодательные акты",3348
http://www.kraski-detstva.ru/,1,0,"Красноярский детский портал - Краски детства. Детский портал для Пап, Мам и люби",152
http://decker.no-ip.org/,-1,0,"Fidonet-54 Internal Forum",34069
http://www.giznbezproblem.com/,0,0,"Жить легко",346
http://sisentiakit1972.nm.ru/,-1,0,http://sisentiakit1972.nm.ru,71
http://www.beremavto.ru/,2,0,"Берем Авто",221
http://www.cs-solutions.ru/,0,0,"Платформа быстрого построения систем автоматизации предприятий",7
http://shantobe.narod.ru/,1,0,"шантобе, шантобе в интернете, шантобинцы, фотографии шантобинцев шантобе, рудник",181
http://www.compustol.ru/,0,0,"компьютерные столы",55
http://www.elena.kiev.ua/,1,10,"Свадебный фотограф Киев",53
http://denas-centr.neobroker.ru/,-1,0,"ДЭНАС-Центр, торговая компания, представительство в г. Кемерово",2
http://николас.com/,0,0,"Николас Мебель",11
http://joomlasites.ru/,2,0,"Создание сайтов под ключ",7
http://mcenter.su/,2,0,"М ЦЕНТР | Запчасти BMW Porsche + performance",499
http://taraiupak.ru/,0,0,"ООО ПКП Тара и Упаковка",293
http://yarkii-svet.ru/,-1,0,"Лампы,Лампочки в Подольске, Лампы в Подольске,автомобильные лампы,светодиодные",18
http://www.plafen.com/,3,325,PLAFEN,7
http://www.1plus1.ua/,5,1800,"Официальный сайт канала 1+1",558
http://rjjcha4000.taba.ru/,-1,10,фешн-sity,206
http://zastroyschic.ru/,-1,0,"Застройщик.ру - online-сборник строительных статей и информационных материалов",13
http://stm-1.blogspot.com/,-1,0,"Волокно Оптический кабель",61
http://onlain.ws/,1,10,"Смотреть фильмы онлайн бесплатно без регистрации в хорошем качестве",35263
http://teks-centre.ru/,0,0,"Ткани специального и технического назначения, крашение и заключительная отделка.",338
http://remont-kvartir-krasivo.ru/,0,0,"качественный ремонт квартир",135
http://mfua.ucoz.ru/,0,0,"Московская Финансово-Юридическая Академия",126
http://www.aswaro.ru/,0,10,"Агентство А - хрусталь Сваровски, картины Swarovski",160
http://fantasy-life.ru/,-1,0,"Interlude PvP lineage2 server",13
http://git-perm.ru/,0,0,"ООО ГИТ",97
http://olenium.com/,0,0,"Олениум - развлекательный сайт для умных",55
http://www.schoolgarden.ru/,-1,0,"Школа ""Практическое садоводство""",177
http://www.oknavkurske.ru/,1,10,"ООО Фагот",10
http://gazeta.ru/weather/,-1,23000,"Газета.Ru: Погода",14
http://turb190.livejournal.com/,1,0,"Журнал боев World of Tanks",19
http://uyutnyjdom.com/,1,0,"Журнал Уютный дом",109
http://officials.com.ua/,0,0,"Новини України, політики України",1063
http://premium-style.ru/,0,0,"Рекламное агентство ""PRemium-Style""",12
http://svetikar.ru/,0,0,SVETIK,518
http://emproject.ru/,-1,0,"Компания ЭстетикМедПроект",128
http://www.ardzo.com/ru/,2,10,"Группа Ardzo - разработка сайта, услуги PHP-программиста",292
http://maximic.ru/,0,0,"Смотреть онлайн фильмы в MAX качестве на MAXimic.RU",58
http://master-102.ru/,-1,0,"Компания Мастер-Про",9
http://cons-practica.ru/,0,0,"Центр сопровождения бизнеса ""Консультационная практика""",224
http://seasupply.ru/,0,0,"МорСнабСервис - шипчандлерские услуги / снабжение судов в Туапсе",118
http://www.fabrikakb.ru/,1,0,"Фабрика интерьера КБ.Дизайн,мебель,оборудование,строительство.",330
http://hostelmos.ru/,1,0,"Хостел в Москве",3170
http://www.umalauto.ru/,2,10,Юмал-Авто,666
http://workbux.info/,-1,0,workbux.info,6
http://www.milkplant.ru/,0,10,"Молочная продукция",12
http://www.novatour.ucoz.ua/,0,0,"Турфирма Novatour Донецк",9
http://worldofcheats.clan.su/,-1,0,"Мир читов - читы для warface",210
http://ack-group.net/,-1,0,АСК,59
http://www.minmat-reverberi.com.ua/,0,0,"«Мінмат Ревербері» - теплоізоляційні та звукоізоляційні матеріали",147
http://dokolumba.ru/,2,0,"Америка до Колумба. Доколумбовы цивилизации индейцев",10
http://melekino.org/,1,0,"Отдых в мелекино",6
http://online-gamerguru.ru/,0,0,"Лучшие браузерные игры и многие другие",3
http://remontlegko-sv.ru/,0,0,"ремонт отделка",12
http://www.bogatirev.net/,3,0,"Дизайнер web2.0. Максим Богатырев. Портфолио.",52
http://www.kursys.ru/,0,0,"Продвижение и реклама сайта",7
http://www.how-to-forex.ru/,0,0,"Как заработать на Форексе",6
http://www.vizus1.ru/,2,30,"Центр микрохирургии глаза ""ВИЗУС-1""",4
http://sinai.ru/,3,240,"Sinai–Services. Дайвинг на Красном море. Обучение дайвингу.",1418
http://sunmark.ru/,-1,0,"Интернет-магазин детских товаров SunMark.ru",5
http://texnovolga.ru/,0,0,texnovolga.ru,5
http://webpensioner.ru/,0,10,"Интернет и Пенсионеры",720
http://vstroyki.com/,0,0,"Строительный портал",283
http://www.coldpole.ru/,0,10,"Кондиционеры, Вентиляция, Обогреватели: Полюс Холода - Мы создаем мир комфорта.",433
http://wsocial.ru/,2,0,"Разработка социальных приложений",261
http://www.faktijizni.ru/,1,0,"Факты нашей жизни",14
http://www.screens.name/,0,0,"Обзоры кинофильмов",279
http://www.dating.az/,3,0,"Dating.Az - Великолепный, красивый и удобный сайт знакомств.",4683
http://www.antikwariat.at.ua/,0,0,"Куплю дорого антиквариат - достойная оценка, справедливая оплата.",77
http://psihodelika.clan.su/,0,0,Психоделика,4680
http://www.finans-grupp.ru/,0,80,ФинансГрупп,1125
http://sibsoft.do.am/,0,0,СибСофт,116
http://adlife.do.am/,0,0,"WELCOME TO ADLIFE",59
http://zagad-home.ru/,2,0,"Загадочный Дом - резиденция мистера Икс",14
http://babybuggies.ru/,1,0,"БэбиБаггис - интернет магазин колясок",130
http://liga-dnepr.org.ua/,0,0,"Официальный сайт Лига Днепр",231
http://oilr.ru/,3,0,"Нефтепереработка и нефтехимия. Анализ нефтепродуктов - Справочная информация",270
http://berlev.info/,0,0,"сайт Бер Левина",887
http://vedischev.ru/,0,0,"Детский и семейный фотограф Ведищев Павел",41
http://mlasertag.ru/,2,30,"Лазертаг. Организация лазерных боев в Москве.",2039
http://stilvizag.ru/,0,0,"Салон Красоты Стиль-Визаж",311
http://www.chillersrent.ucoz.ru/,-1,0,"Холод напрокат - Сhillersrent.ucoz.ru, аренда чиллеров на любой срок",9
http://www.domofon-volsk.narod.ru/,0,0,domofon,34
